model,corruption,severity,precision,recall,mAP50,mAP50_95,evaluation_time_sec,error,F1,mAP50_95_drop,mAP50_95_drop_pct,mAP50_drop,mAP50_drop_pct
YOLO11n_baseline,clean,clean,0.9865933381303836,0.9780569453011908,0.9895063953099668,0.9696893743711708,18.40774893760681,,0.9823065964298529,0.0,0.0,0.0,0.0
YOLO11n_baseline,gaussian_noise,mild,0.980197519960171,0.9830003784921818,0.989631595881596,0.9685070442042352,7.827520370483398,,0.9815969484049762,0.0011823301669355857,0.12192875349410828,-0.00012520057162923592,-0.012652830969325506
YOLO11n_baseline,gaussian_noise,moderate,0.94179906545451,0.8404683860250005,0.9041671311010212,0.8610336865084885,7.911293029785156,,0.8882531517313139,0.1086556878626822,11.205205577625703,0.08533926420894555,8.624427756448476
YOLO11n_baseline,gaussian_noise,severe,0.832528537941163,0.4077232765786521,0.4767776075263766,0.4323507597459519,8.347721099853516,,0.547374749805992,0.5373386146252188,55.41347866925685,0.5127287877835902,51.81662192521513
YOLO11n_baseline,gaussian_blur,mild,0.9856738714434352,0.9781515517177172,0.9893326167076169,0.9714495236119548,7.984077930450439,,0.9818983046752097,-0.001760149240784048,-0.1815168122189107,0.0001737786023499055,0.01756215049984277
YOLO11n_baseline,gaussian_blur,moderate,0.9856472243386352,0.9778743695041704,0.9899562712062712,0.971619830991296,7.947291135787964,,0.9817454119945277,-0.0019304566201252538,-0.19907989827950076,-0.00044987589630440805,-0.045464677988612964
YOLO11n_baseline,gaussian_blur,severe,0.9844452972687808,0.9776318671002596,0.989604090407662,0.9615965337737632,7.845508575439453,,0.9810267521628716,0.008092840597407558,0.8345807236111714,-9.769509769519402e-05,-0.00987311432834051
YOLO11n_baseline,motion_blur,mild,0.9858383245533554,0.977156515816988,0.9898411723411724,0.96973385612824,7.871901750564575,,0.9814782215094073,-4.448175706928126e-05,-0.004587217127972246,-0.0003347770312056575,-0.03383273041916897
YOLO11n_baseline,motion_blur,moderate,0.9663473495618788,0.958524523742109,0.9838316796302818,0.94384904906227,7.741416692733765,,0.9624200403721804,0.02584032530890079,2.66480442003996,0.005674715679684916,0.5734895405003713
YOLO11n_baseline,motion_blur,severe,0.8599304787992974,0.8411394520652486,0.8856775126789519,0.7950564044978856,7.809987783432007,,0.8504311770226042,0.17463296987328514,18.009166078212626,0.10382888263101486,10.492997632267961
YOLO11n_baseline,jpeg_compression,mild,0.984903984577216,0.9805312629815014,0.9897006653256656,0.9720645174351916,7.945188522338867,,0.9827127595402092,-0.002375143064020868,-0.24493854700234427,-0.00019427001569882751,-0.019633022749486292
YOLO11n_baseline,jpeg_compression,moderate,0.9854892328147912,0.979339294134694,0.9897743753993756,0.9693118146169594,7.925122022628784,,0.9824046387809716,0.0003775597542113873,0.03893615462747844,-0.0002679800894088702,-0.027082198829541104
YOLO11n_baseline,jpeg_compression,severe,0.9837872796790492,0.9797777426882104,0.987135764010764,0.9561932310031074,7.848917007446289,,0.9817784175104645,0.013496143368063374,1.3918006863605599,0.0023706312992027856,0.23957715790812814
YOLO11n_baseline,low_light,mild,0.9853259975587256,0.9852497152628414,0.9899670937170938,0.9693010215491475,7.99781060218811,,0.9852878549343143,0.000388352822023208,0.04004919846368834,-0.0004606984071270359,-0.04655840622260156
YOLO11n_baseline,low_light,moderate,0.9873985756822162,0.9831606172599352,0.9900153562653564,0.965145566002412,7.979294061660767,,0.9852750393150023,0.004543808368758784,0.46858390829593,-0.000508960955389659,-0.051435842941694676
YOLO11n_baseline,low_light,severe,0.9694721337882964,0.9194669518017212,0.9650689947333592,0.9219342827035372,8.063749551773071,,0.943807658501178,0.04775509166763359,4.924782402468013,0.024437400576607593,2.4696556477487426
YOLO11n_baseline,low_contrast,mild,0.9848727063951814,0.9788252645253896,0.9896917440667442,0.9706183320168952,8.631783723831177,,0.9818396735513998,-0.0009289576457244264,-0.09579950758219268,-0.0001853487567774481,-0.018731435962006784
YOLO11n_baseline,low_contrast,moderate,0.9794469011457736,0.9753575280379908,0.9918484023374244,0.9706570848905902,8.168864727020264,,0.9773979371889449,-0.0009677105194194624,-0.09979592898468218,-0.002342007027457682,-0.2366843750134671
YOLO11n_baseline,low_contrast,severe,0.9605165649294388,0.9553087674906948,0.983304338517263,0.9574189206130568,7.995914697647095,,0.9579055880193508,0.012270453758113975,1.2654004552820004,0.006202056792703803,0.6267828911566543
YOLO11n_baseline,fog,mild,0.985429170101596,0.9788297846253384,0.9893055604305606,0.9713688019129264,8.068244218826294,,0.9821183912771446,-0.0016794275417556515,-0.17319232180353997,0.00020083487940614209,0.020296471084780585
YOLO11n_baseline,fog,moderate,0.9848720382172156,0.9792755148370308,0.9896917440667442,0.9720554382535525,8.207011699676514,,0.9820658033293111,-0.002366063882381697,-0.24400224906208287,-0.0001853487567774481,-0.018731435962006784
YOLO11n_baseline,fog,severe,0.9846365177727454,0.9760218627905648,0.9896446681972998,0.9711482649445304,8.044841766357422,,0.9803102649346396,-0.0014588905733596835,-0.1504492687986555,-0.00013827288733303522,-0.01397392558435367
YOLO11n_baseline,rain,mild,0.986669822593544,0.9779326917500832,0.9895063953099668,0.9695070851225512,8.225872993469238,,0.9822818289529199,0.000182289248619516,0.018798726008287747,0.0,0.0
YOLO11n_baseline,rain,moderate,0.9869301529069504,0.9773257174359298,0.9895172178207894,0.9696839124706478,8.235514163970947,,0.9821044542232323,5.461900522973906e-06,0.0005632629032896095,-1.0822510822627862e-05,-0.0010937282339885906
YOLO11n_baseline,rain,severe,0.986119598736872,0.9777744113156864,0.9895353528389244,0.970563160956343,8.039297819137573,,0.9819292743970451,-0.0008737865851722315,-0.09010994739824485,-2.8957528957596068e-05,-0.00292646203145812
